name,role,img,bio
Азир,Маг,https://images.contentstack.io/v3/assets/blt731acb42bb3d1659/blt0e3f847946232167/5db05fa889fb926b491ed7ff/RiotX_ChampionList_azir.jpg?quality=90&width=250,"Очень давно Азир был смертным императором Шуримы, гордецом, стоявшим на пороге бессмертия. Спесь обрекла его на предательство и убийство в момент величайшего триумфа. Однако тысячелетия спустя он переродился, став вознесшимся – существом невиданной силы... Подробнее"
Акали,Убийца,https://images.contentstack.io/v3/assets/blt731acb42bb3d1659/blt80ff58fe809777ff/5db05fa8adc8656c7d24e7d6/RiotX_ChampionList_akali.jpg?quality=90&width=250,"Акали не отвергла учение Шена, но отреклась от Кинку и титула Кулака тени. Теперь она действует в одиночку; она стала оружием, защищающим народы Ионии. Акали наносит смертельный удар неслышно, ведь без слов понятно: ''Убийца без хозяина опасен вдвойне''. "
Акшан,Стрелок,https://images.contentstack.io/v3/assets/blt731acb42bb3d1659/bltdd84b33ec501c137/60f9ede33f40e5481e85c0c6/RiotX_ChampionList_akshan_v2.jpg?quality=90&width=250,"Акшан с усмешкой смотрит в лицо опасности. В борьбе со злом ему помогает бронебойная харизма, праведный гнев и упорное пренебрежение рубашками. Он – опытный воин и мастер скрытности, умеющий оставаться незамеченным и заставать противников врасплох... Подробнее"
Алистар,Танк,https://images.contentstack.io/v3/assets/blt731acb42bb3d1659/blt3b366925d2fd8fdb/5db05fa856458c6b3fc1750b/RiotX_ChampionList_alistar.jpg?quality=90&width=250,"Алистар – могучий воин с устрашающей репутацией, который жаждет отплатить империи Ноксуса за истребление своего клана. Когда его взяли в плен и насильно сделали гладиатором, лишь несокрушимая воля позволила ему окончательно не озвереть. Освободившись от... Подробнее"
Амуму,Танк,https://images.contentstack.io/v3/assets/blt731acb42bb3d1659/blt40dfbe48a61c439f/5db05fa80b39e86c2f83dbf9/RiotX_ChampionList_amumu.jpg?quality=90&width=250,"Легенды гласят, что Амуму – это одинокий и печальный человечек из древней Шуримы, бродящий по свету в поисках друга. Древнее проклятие обрекло Амуму на вечное одиночество, ибо его привязанность гибельна, а прикосновение – смертельно. Те, кому доводилось... Подробнее"
Анивия,Маг,https://images.contentstack.io/v3/assets/blt731acb42bb3d1659/blt3d24a1482453088a/5db05fa8df78486c826dcce8/RiotX_ChampionList_anivia.jpg?quality=90&width=250,"Анивия – доброжелательный крылатый дух; она проходит бесконечные циклы жизни, смерти и перерождения, защищая Фрельйорд. Полубогиня, рожденная безжалостными льдами и неумолимыми ветрами, готова обрушить силы этих стихий на любого, кто посмеет покуситься... Подробнее"
Ари,Маг,https://images.contentstack.io/v3/assets/blt731acb42bb3d1659/blt1259276b6d1efa78/5db05fa86e8b0c6d038c5ca2/RiotX_ChampionList_ahri.jpg?quality=90&width=250,"Ари – загадочная вастайи-лиса, которая с рождения ощущает связь с магией мира духов. Она манипулирует эмоциями жертвы, прежде чем выпить ее душу и поглотить обрывки знаний и воспоминаний. Когда-то Ари была опасной и непредсказуемой хищницей, но теперь... Подробнее"
Атрокс,Воин,https://images.contentstack.io/v3/assets/blt731acb42bb3d1659/blt570145160dd39dca/5db05fa8347d1c6baa57be25/RiotX_ChampionList_aatrox.jpg?quality=90&width=250,"Когда-то Атрокс и его собратья доблестно защищали Шуриму от Бездны, но в конце концов сами стали страшной угрозой для Рунтерры. Только с помощью хитрых магических уловок смертные сумели победить их. Спустя столетия заточения Атрокс первым обрел свободу... Подробнее"
Аурелион Сол,Маг,https://images.contentstack.io/v3/assets/blt731acb42bb3d1659/blt5dd3569fc67d6664/5db05fa8bd24496c390ae4d8/RiotX_ChampionList_aurelionsol.jpg?quality=90&width=250,"Когда-то Аурелион Сол украсил космическую пустоту несметными чудесами. Теперь его силой распоряжается империя космопроходцев, хитростью поставившая Создателя звезд себе на службу. Чтобы вновь обрести свободу и вернуться к своему ремеслу, Аурелион готов... Подробнее"
Афелий,Стрелок,https://ddragon.leagueoflegends.com/cdn/img/champion/splash/Aphelios_0.jpg,"Афелий выходит из тени, которую отбрасывает лунный свет, и убивает врагов своей веры в зловещем молчании. Уверенность в своей правоте и пистолеты из лунного камня красноречивее любых слов. Афелий потерял способность говорить из-за принимаемого яда, но... Подробнее"
Бард,Поддержка,https://images.contentstack.io/v3/assets/blt731acb42bb3d1659/bltbbe3ce0c0ae1305b/5db05fb23a326d6df6c0e7b3/RiotX_ChampionList_bard.jpg?quality=90&width=250,"Путешественник из-за пределов звезд, Бард – это сама любознательность; он борется за поддержание баланса там, где жизнь способна дать отпор проявлениям неумолимого хаоса. Многие жители Рунтерры слагают о нем песни, и все они сходятся в том, что... Подробнее"
Бел'Вет,Воин,https://images.contentstack.io/v3/assets/blt731acb42bb3d1659/blt9f765d79de67f50e/629ea266a3e9730f695d114a/RiotX_ChampionList_belveth.jpg?quality=90&width=250,"Бел'Вет – чудовищная императрица, чьей плотью стал поглощенный ею город. Она пришла, чтобы уничтожить Рунтерру и создать на ее месте новый мир – такой, каким она хочет его видеть. Голод Бел'Вет невозможно утолить. Она пожирает все на своем пути в... Подробнее"
Блицкранк,Танк,https://images.contentstack.io/v3/assets/blt731acb42bb3d1659/bltd7ef7e56ce1fe17b/5db05fb26af83b6d7032c8f8/RiotX_ChampionList_blitzcrank.jpg?quality=90&width=250,"Блицкранк – огромный, почти нерушимый робот из Зауна, изначально созданный для утилизации ядовитых отходов. Однако он счел свою основную задачу слишком незначительной и модифицировался, чтобы лучше служить хрупким жителям Сточных ям. Блицкранк направил... Подробнее"
Брайер,Воин,https://images.contentstack.io/v3/assets/blt731acb42bb3d1659/blt8d315d0ddcc546e6/64ffcd579e7ba67795caac6e/RiotX_ChampionList_briar_v2.jpg?quality=90&width=250,"Брайер – созданное Черной Розой живое оружие, которое оказалось не вполне удачным. Ей приходится носить специальные колодки, чтобы сдерживать неутолимую жажду крови и направлять ход разбегающихся мыслей. Просидев много лет в темнице, Брайер наконец... Подробнее"
Браум,Поддержка,https://images.contentstack.io/v3/assets/blt731acb42bb3d1659/bltd140e30fa86d6ddd/5db05fb2242f426df132f95d/RiotX_ChampionList_braum.jpg?quality=90&width=250,"Наделенный огромными мускулами и еще большим сердцем, Браум – любимый герой Фрельйорда. В каждой таверне к северу от Фростхелда пьют за его легендарную силу, утверждая, что он вырубил целый дубовый лес всего за ночь и голыми руками снес гору. С... Подробнее"
Брэнд,Маг,https://images.contentstack.io/v3/assets/blt731acb42bb3d1659/bltc8ca2e9bba653dda/5db05fb2dc674266df3d5d30/RiotX_ChampionList_brand.jpg?quality=90&width=250,"Превратившись в существо по имени Брэнд, представитель одного из племен морозного Фрельйорда Кеган Родх стал наглядным примером того, что бывает с теми, кто жаждет великой силы. Найдя одну из легендарных Мировых рун, Кеган предал своих спутников и... Подробнее"
Вай,Воин,https://images.contentstack.io/v3/assets/blt731acb42bb3d1659/blt3bd79abf330fc807/5db06014dc674266df3d5d56/RiotX_ChampionList_vi.jpg?quality=90&width=250,"Вай опасна, вспыльчива, импульсивна и не признает авторитетов. Она выросла в трущобах Зауна и с детства была предоставлена самой себе, полагаясь лишь на инстинкт выживания, что не могло не отразиться на ее характере и чувстве юмора. Теперь, когда она... Подробнее"
Варвик,Воин,https://images.contentstack.io/v3/assets/blt731acb42bb3d1659/blt08a92f3897cfc8f5/5db0601ddc674266df3d5d5c/RiotX_ChampionList_warwick.jpg?quality=90&width=250,"Варвик - настоящий монстр, подстерегающий своих жертв в темных переулках Зауна. В результате мучительных экспериментов его тело обросло целой сетью из труб и резервуаров, наполняющих его вены алхимической яростью. Преступники, наводящие ужас на... Подробнее"
Варус,Стрелок,https://images.contentstack.io/v3/assets/blt731acb42bb3d1659/blt596158d85a8360d1/5db060132dc72966da74671a/RiotX_ChampionList_varus.jpg?quality=90&width=250,"Варус – древний даркин, опасный убийца, который любит мучить своих врагов, доводя их до безумия, прежде чем выпустить последнюю стрелу. В конце Великой войны даркинов он оказался в плену, но смог вырваться столетия спустя, создав себе новое тело из... Подробнее"
Вейгар,Маг,https://images.contentstack.io/v3/assets/blt731acb42bb3d1659/bltda2b568b0c3e5847/5db06014e9effa6ba5295fb9/RiotX_ChampionList_veigar.jpg?quality=90&width=250,"Вейгар – увлеченный мастер темного колдовства, овладевший силами, которые доступны лишь немногим смертным. Когда-то он был свободолюбивым жителем Бандл Сити и стремился преодолеть ограничения йордлской магии. Он обратился к мистическим текстам, которые... Подробнее"
Вейн,Стрелок,https://images.contentstack.io/v3/assets/blt731acb42bb3d1659/blt9eaabc908956c8b0/5db060146af83b6d7032c90a/RiotX_ChampionList_vayne.jpg?quality=90&width=250,"Шона Вейн – смертоносная и безжалостная охотница на монстров из Демасии, посвятившая свою жизнь тому, чтобы выследить и уничтожить демона, убившего ее семью. Ее запястья оборудованы арбалетами, а сердце переполнено жаждой мести. Она нападает из тени в... Подробнее"
Векс,Маг,https://images.contentstack.io/v3/assets/blt731acb42bb3d1659/bltad313195d6b48daa/614e702764c8007a9bdec6b2/RiotX_ChampionList_vex.jpg?quality=90&width=250,"В темном сердце Сумрачных островов, где клубится призрачный туман, бродит одинокий йордл. Хмарь и безысходность ее вполне устраивают. Пользуясь неисчерпаемыми запасами подросткового уныния и поддержкой могущественной тени, Векс создала собственный... Подробнее"
Вел'Коз,Маг,https://images.contentstack.io/v3/assets/blt731acb42bb3d1659/blt825d0c333f6e74ae/5db060142140ec675d68f4bb/RiotX_ChampionList_velkoz.jpg?quality=90&width=250,"Неясно, был ли Вел'Коз первым порождением Бездны, появившимся на Рунтерре, но одно известно наверняка – никто не сравнится с ним в жестокости и расчетливости. Пока его сородичи пожирают и оскверняют все вокруг, он тщательно исследует и изучает... Подробнее"
Виего,Убийца,https://images.contentstack.io/v3/assets/blt731acb42bb3d1659/blt17591d0be6f2888f/600f2aee5ad9610f6cb7880c/RiotX_ChampionList_viego.jpg?quality=90&width=250,"Тысячу лет назад Виего, правитель давно забытого королевства, в попытке воскресить погибшую супругу вызвал магический катаклизм, который сегодня называют Погибелью. Превратившись в могущественного неупокоенного призрака, Виего, известный теперь как... Подробнее"
Виктор,Маг,https://images.contentstack.io/v3/assets/blt731acb42bb3d1659/blt6e54b3de49b7bbf3/5db06015df78486c826dcd1e/RiotX_ChampionList_viktor.jpg?quality=90&width=250,"Виктор – предвестник новой эпохи технологии, посвятивший всю свою жизнь прогрессу человечества. Он всегда был идеалистом и искал способы поднять людей на новую ступень развития. Он верил в то, что лишь приняв технический прогресс, люди смогут полностью... Подробнее"
Владимир,Маг,https://images.contentstack.io/v3/assets/blt731acb42bb3d1659/blt39ab5027f6fa1b81/5db0601589fb926b491ed82f/RiotX_ChampionList_vladimir.jpg?quality=90&width=250,"Изувер, жаждущий крови смертных, Владимир играл не последнюю роль в становлении Ноксуса еще с самых ранних дней империи. Магия крови позволяет ему не только продлевать свою жизнь, но и с легкостью управлять умами и телами других. Благодаря этому умению... Подробнее"
Волибир,Воин,https://ddragon.leagueoflegends.com/cdn/img/champion/splash/Volibear_0.jpg,"Те, кто до сих пор чтят Волибира, считают его воплощением бури. Дикий, всеразрушающий и невероятно упрямый, он пришел в тундру Фрельйорда задолго до первых смертных и теперь ревностно охраняет морозный край, созданный им вместе с другими полубогами, его... Подробнее"
Вуконг,Воин,https://images.contentstack.io/v3/assets/blt731acb42bb3d1659/bltaf44673e1a16af30/5db05fe87d28b76cfe439807/RiotX_ChampionList_monkeyking.jpg?quality=90&width=250,"Вуконг – воин-плут из народа вастайи, который умело сбивает противников с толку и этим добивается превосходства в бою. Вводить врагов в замешательство ему помогает идеальный баланс силы, ловкости и ума. Вуконг обрел истинного друга и наставника в... Подробнее"
Галио,Танк,https://images.contentstack.io/v3/assets/blt731acb42bb3d1659/blt5890d1ab5c8be01f/5db05fc6823d426762825fe5/RiotX_ChampionList_galio.jpg?quality=90&width=250,"За городскими стенами блистательной Демасии несет свой неусыпный дозор каменный колосс Галио. Созданный как преграда вражеским магам, обычно он стоит неподвижно целыми десятилетиями – пока присутствие мощного волшебства не пробуждает его к жизни. И... Подробнее"
Гангпланк,Воин,https://images.contentstack.io/v3/assets/blt731acb42bb3d1659/bltfdff3781ccfb2a5c/5db05fc689fb926b491ed811/RiotX_ChampionList_gangplank.jpg?quality=90&width=250,"Жестокий и непредсказуемый свергнутый король разбойников Гангпланк известен далеко за пределами Билджвотера – портового города, которым он когда-то правил. И несмотря на то, что тем временам пришел конец, многие считают, что сейчас он стал еще опаснее... Подробнее"
Гарен,Воин,https://images.contentstack.io/v3/assets/blt731acb42bb3d1659/blte41a162aed9339b7/5db05fc60b39e86c2f83dc0d/RiotX_ChampionList_garen.jpg?quality=90&width=250,"Гордый и благородный воин Гарен сражается в рядах Бесстрашного авангарда. Его уважают не только товарищи, но и враги, не в последнюю очередь благодаря происхождению. Гарен – отпрыск влиятельной семьи Краунгардов, которая на протяжении поколений защищает... Подробнее"
Гвен,Воин,https://images.contentstack.io/v3/assets/blt731acb42bb3d1659/blt7a3d6c549708c048/607496eb1f74bb759da6a062/RiotX_ChampionList_gwen.jpg?quality=90&width=250,"Гвен – кукла, ожившая благодаря магии. Оружием ей служат швейные инструменты, с помощью которых когда-то смастерили ее саму. Она помнит, что всем обязана своей заботливой создательнице, и старается ценить каждую минуту жизни. Гвен управляет священным... Подробнее"
Гекарим,Воин,https://images.contentstack.io/v3/assets/blt731acb42bb3d1659/blteb9ce5304ec48e19/64e66ee369d0a3935bf5068a/RiotX_ChampionList_hecarim_v2.jpg?quality=90&width=250,"Гекарим – призрачный гибрид человека и зверя, обреченный вечно охотиться на души живых. Когда на Благословенные острова опустилась тьма, этот гордый рыцарь был уничтожен разрушительными силами Погибели – вместе со своими всадниками и их лошадьми. И... Подробнее"
Гнар,Воин,https://images.contentstack.io/v3/assets/blt731acb42bb3d1659/blta80f79dd96ee5d30/5db05fc6df78486c826dcd00/RiotX_ChampionList_gnar.jpg?quality=90&width=250,"Гнар – первобытный йордл, чье веселое выражение мордочки может в мгновение ока смениться гримасой негодования, превратив его в огромного монстра с тягой к разрушениям. Это любопытное создание тысячи лет было сковано Истинным льдом и теперь... Подробнее"
Грагас,Воин,https://images.contentstack.io/v3/assets/blt731acb42bb3d1659/blt795841adba722f85/5db05fc43a326d6df6c0e7b9/RiotX_ChampionList_gragas.jpg?quality=90&width=250,"Грозный, но веселый Грагас – известный дебошир-пивовар, который мечтает сварить идеальную пинту эля. Его происхождение неизвестно, но сейчас он ищет редкие ингредиенты в девственной тундре Фрельйорда, пробуя все новые рецепты. Вечно хмельной и... Подробнее"
Грейвз,Стрелок,https://images.contentstack.io/v3/assets/blt731acb42bb3d1659/bltd8935c6b4025d320/5db05fc4bd24496c390ae4e4/RiotX_ChampionList_graves.jpg?quality=90&width=250,"Малкольм Грейвз – известный наемник, игрок и вор, объявленный в розыск во всех городах и империях, где он успел побывать. Несмотря на свой взрывной характер, Грейвз живет по строгим законам преступной чести, а несогласных угощает пулями из двуствольного... Подробнее"
Дариус,Воин,https://images.contentstack.io/v3/assets/blt731acb42bb3d1659/blt38b52be4a2cb1004/5db05fb19481396d6bdd01ac/RiotX_ChampionList_darius.jpg?quality=90&width=250,"Нет большего символа ноксианской мощи, чем Дариус – устрашающий командир своего народа, закаленный в бесчисленных сражениях. Несмотря на свое скромное происхождение, он заслужил титул Рука Ноксуса – порубив на куски множество врагов империи, среди... Подробнее"
Джакс,Воин,https://images.contentstack.io/v3/assets/blt731acb42bb3d1659/blt6b301613598c3f17/6529efbb8adde57f76f78c90/RiotX_ChampionList_jax_v2.jpg?quality=90&width=250,"Непревзойденный как в искусстве сражения уникальным оружием, так и в едком сарказме, Джакс – последний известный мастер оружия из Икатии. После того как его родина пала из-за собственной гордыни и желания подчинить Бездну, Джакс и его род поклялись... Подробнее"
Джарван IV,Танк,https://images.contentstack.io/v3/assets/blt731acb42bb3d1659/blt5898626d7016d222/5db05fcfdc674266df3d5d3c/RiotX_ChampionList_jarvaniv.jpg?quality=90&width=250,"Принц Джарван, отпрыск династии Лайтшилдов, – бесспорный наследник демасийского престола. Его воспитывали как воплощение всех величайших достоинств нации, и теперь он вынужден балансировать между соответствием грузу возложенных на него надежд и желанием... Подробнее"
Джейс,Воин,https://images.contentstack.io/v3/assets/blt731acb42bb3d1659/blt51557edc36ad88a1/5db05fcf0b39e86c2f83dc13/RiotX_ChampionList_jayce.jpg?quality=90&width=250,"Джейс – гениальный изобретатель, который посвятил свою жизнь защите Пилтовера и неустанной погоне за прогрессом. Вооружившись хекстековым молотом-трансформером, Джейс использует свою силу, отвагу и недюжинный ум, чтобы стеречь покой родного города. Хотя... Подробнее"
Джин,Стрелок,https://images.contentstack.io/v3/assets/blt731acb42bb3d1659/bltbf6c70d9272a5a2a/5db05fcfe9d7526ab429e532/RiotX_ChampionList_jhin.jpg?quality=90&width=250,"Джин – щепетильный преступник-психопат, который считает убийство искусством. Бывший когда-то ионийским заключенным, он был освобожден при содействии группы заговорщиков внутри правящего совета Ионии и теперь работает на них в качестве наемного убийцы... Подробнее"
Джинкс,Стрелок,https://images.contentstack.io/v3/assets/blt731acb42bb3d1659/blta2cba784d9fad4b8/5db05fce89fb926b491ed817/RiotX_ChampionList_jinx.jpg?quality=90&width=250,"Джинкс, полоумная и безрассудная преступница из Зауна, привыкла сеять разрушения, не заботясь о последствиях. Вооружившись целым арсеналом смертоносных средств, она устраивает самые громкие взрывы и самые дерзкие диверсии, оставляя за собой разгром и... Подробнее"
Диана,Воин,https://images.contentstack.io/v3/assets/blt731acb42bb3d1659/blt56570083d2a5e20e/5db05fbc823d426762825fdf/RiotX_ChampionList_diana.jpg?quality=90&width=250,"Вооружившись подобным серпу луны клинком, Диана бьется на стороне народа лунари, обитающего в окрестностях горы Таргон и гордящегося своей несломленной верой. Облаченная в переливчатый доспех цвета зимней ночи, она наяву воплощает мощь лунного сияния... Подробнее"
Доктор Мундо,Воин,https://images.contentstack.io/v3/assets/blt731acb42bb3d1659/blte88a3d7e9e408904/61b1ea136a78b87751002a68/RiotX_ChampionList_drmundo_v2.jpg?quality=90&width=250,"Он совершенно безумен, бесповоротно смертоносен и ужасающе лилов. Именно из-за Доктора Мундо многие жители Зауна боятся ночью выходить на улицу. В прошлом этот самопровозглашенный специалист был пациентом самой печально известной психиатрической... Подробнее"
Дрейвен,Стрелок,https://images.contentstack.io/v3/assets/blt731acb42bb3d1659/bltc0be728e4cbb8f2a/5db05fbc89fb926b491ed80b/RiotX_ChampionList_draven.jpg?quality=90&width=250,"В Ноксусе воины, известные как уравнители, сражаются друг с другом на аренах, чтобы пролить кровь и испытать свою мощь – но нет среди них более прославленного, чем Дрейвен. Бывший солдат быстро обнаружил, что толпа восхищается его драматическим талантом... Подробнее"
Ёнэ,Убийца,https://ddragon.leagueoflegends.com/cdn/img/champion/splash/Yone_0.jpg,"При жизни Ёнэ, единоутробный брат Ясуо, был одним из самых талантливых учеников в школе мечников недалеко от родной деревни. Он погиб от руки брата, и в мире духов на него напала злобная сущность. У Ёнэ не оставалось иного выбора, кроме как сразить... Подробнее"
Жанна,Поддержка,https://images.contentstack.io/v3/assets/blt731acb42bb3d1659/blt02bf5329f8abe45d/5db05fcedf78486c826dcd06/RiotX_ChampionList_janna.jpg?quality=90&width=250,"Жанна – это таинственный дух воздушной стихии, который защищает всех обездоленных Зауна, вооружившись силой бурь Рунтерры. Некоторые считают, что Жанна явилась миру благодаря просьбам моряков Рунтерры, молившихся о благоприятном ветре, который помог бы... Подробнее"
Зайра,Маг,https://images.contentstack.io/v3/assets/blt731acb42bb3d1659/blt9bc3497cdd04f6d5/5db060229481396d6bdd01c4/RiotX_ChampionList_zyra.jpg?quality=90&width=250,"Зайра – воплощенный гнев природы, рожденный в древней колдовской катастрофе. Каждый шаг этого соблазнительного гибрида растения и человека порождает новую жизнь. В ее глазах смертные Валорана – лишь добыча для ее растущего потомства, которую не жаль... Подробнее"
Зак,Танк,https://images.contentstack.io/v3/assets/blt731acb42bb3d1659/blt9412083c2b98b9c8/5db0601d6af83b6d7032c910/RiotX_ChampionList_zac.jpg?quality=90&width=250,"Зак появился на свет в результате утечки токсичных веществ, просочившихся сквозь швы химтековой трубы в уединенную пещеру в глубинах сточных колодцев Зауна. Несмотря на столь скромное происхождение, Зак сумел проделать путь от зачатка жизни в луже грязи... Подробнее"
Зед,Убийца,https://images.contentstack.io/v3/assets/blt731acb42bb3d1659/blt402d6da485218720/5db0601de9effa6ba5295fc5/RiotX_ChampionList_zed.jpg?quality=90&width=250,"Жестокий и безжалостный Зед возглавляет орден Тени – организацию, которую он создал, чтобы превратить магическое и боевое искусство Ионии в оружие против ноксианских захватчиков. Во время войны отчаяние заставило его обратиться к темной духовной магии –... Подробнее"
Зерат,Маг,https://images.contentstack.io/v3/assets/blt731acb42bb3d1659/bltbda694c8890e94e5/5db0601ce9effa6ba5295fbf/RiotX_ChampionList_xeratth.jpg?quality=90&width=250,"Зерат – вознесшийся маг из древней империи Шурима, обладающий таинственной силой, которой сочатся осколки его разбитого саркофага. На протяжении тысячелетий он был узником песков, но возрождение Шуримы освободило его. Теперь он одержим жаждой власти и... Подробнее"
Зери,Стрелок,https://images.contentstack.io/v3/assets/blt731acb42bb3d1659/blt72a60b6cf6c50f9a/61e9c22f2b2fd027e718872d/RiotX_ChampionList_zeri.jpg?quality=90&width=250,"Зери – своенравная и вспыльчивая девушка из семьи заунских рабочих, которая стреляет электрическими зарядами из особой пушки. Это электричество рождается из эмоций девушки, воплощая ее взрывной темперамент и искристый подход к жизни. Зери полна... Подробнее"
Зиггс,Маг,https://images.contentstack.io/v3/assets/blt731acb42bb3d1659/blt0f8c12d54d8ecd28/5db0602289fb926b491ed835/RiotX_ChampionList_ziggs.jpg?quality=90&width=250,"Зиггс – воплощенная сила природы, йордлский поклонник больших бомб и коротких фитилей. Когда-то он был помощником изобретателя в Пилтовере, но предсказуемая жизнь скоро ему наскучила, и он сошелся с безумной синеволосой любительницей взрывов Джинкс... Подробнее"
Зилеан,Поддержка,https://images.contentstack.io/v3/assets/blt731acb42bb3d1659/blta32de59397f53325/5db060222dc72966da746720/RiotX_ChampionList_zilean.jpg?quality=90&width=250,"Когда-то Зилеан был могущественным магом из Икатии. Но его родина была уничтожена Бездной прямо у него на глазах, и он стал одержим идеей изменить течение времени. Ни минуты не дав себе скорбеть о катастрофических потерях, он обратился к древней магии... Подробнее"
Зои,Маг,https://images.contentstack.io/v3/assets/blt731acb42bb3d1659/bltd18587f31803441d/5db060226e8b0c6d038c5cc6/RiotX_ChampionList_zoe.jpg?quality=90&width=250,"Зои – это воплощение озорства, фантазии и изменений. Она выполняет роль космической посланницы Таргона, возвещая о грандиозных событиях, которые преображают миры. Одним своим присутствием Зои трансформирует магические законы реальности, иногда ненароком... Подробнее"
Иверн,Поддержка,https://images.contentstack.io/v3/assets/blt731acb42bb3d1659/blt5fff73e1df1873de/5db05fce7d28b76cfe4397f5/RiotX_ChampionList_ivern.jpg?quality=90&width=250,"Иверн Плодостоп, также известный многим как Зеленый отец, – это диковинное создание, получеловек-полудерево, бродящее по лесам Рунтерры и дарящее жизненную силу любым существам. Изведав много тайн природы, он водит дружбу со всем, что растет из земли... Подробнее"
Иллаой,Воин,https://images.contentstack.io/v3/assets/blt731acb42bb3d1659/bltc44e90a5547120a2/5db05fc5347d1c6baa57be2b/RiotX_ChampionList_illaoi.jpg?quality=90&width=250,"Физическая сила Иллаой уступает только силе ее веры. Будучи пророчицей Матери Глубин, она использует огромного золотого идола, чтобы вытягивать души врагов из их тел и разбивать их представления о реальности. Тот, кто бросит вызов Вестнице Нагакейборос... Подробнее"
Ирелия,Воин,https://images.contentstack.io/v3/assets/blt731acb42bb3d1659/bltf5f2b8de93870aef/5db05fcea6470d6ab91ce59a/RiotX_ChampionList_irelia.jpg?quality=90&width=250,"Борьба против ноксианской оккупации Ионии породила множество героев, но никто не ожидал, что одним из них станет молодая Ирелия из Навори. Изучив древнее искусство танца родной провинции, она приспособила его для войны. Изящными и точными движениями... Подробнее"
Йорик,Воин,https://images.contentstack.io/v3/assets/blt731acb42bb3d1659/blt570d89dd9a76ba08/5db0601c823d426762825ff9/RiotX_ChampionList_yorick.jpg?quality=90&width=250,"Последний жрец давно забытого религиозного ордена, Йорик наделен властью над мертвыми. Это для него и благословение, и проклятье. Он заперт на Сумрачных островах, где его окружают лишь разлагающиеся тела былых соратников и стенающие духи, которых он... Подробнее"
К'Санте,Танк,https://images.contentstack.io/v3/assets/blt731acb42bb3d1659/blte7545766d0c1e829/636048e02d878355fecde0ee/RiotX_ChampionList_ksante.jpg?quality=90&width=250,"Отважный и дерзкий К'Санте сражается с огромными чудовищами и безжалостными вознесшимися, защищая родную Назуму – зеленый оазис среди песков Шуримы. Когда-то у К'Санте был верный друг и соратник. Их пути разошлись, но К'Санте вынес из этой дружбы важный... Подробнее"
Ка'Зикс,Убийца,https://images.contentstack.io/v3/assets/blt731acb42bb3d1659/blt363d7d62846ffc87/5db05fd6e9effa6ba5295f9f/RiotX_ChampionList_khazix.jpg?quality=90&width=250,"Бездна растет и приспосабливается, и ни одно из ее бесчисленных порождений не подтверждает это лучше, чем Ка'Зикс. Этот ужасный мутант – результат эволюции, он рожден, чтобы выживать и истреблять сильнейших. Если ему это не удается, он развивает свои... Подробнее"
Каин,Воин,https://images.contentstack.io/v3/assets/blt731acb42bb3d1659/blt64edf2d3729b57c1/5db05fd656458c6b3fc17519/RiotX_ChampionList_kayn.jpg?quality=90&width=250,"Искусный адепт смертоносной магии тени, Шида Каин стремится наконец выполнить свое предназначение и возглавить Орден тени, положив начало эпохе ионийского превосходства. Каин сражается c живым оружием, даркином Раастом, ни на секунду не прекращая борьбу... Подробнее"
Кай'Са,Стрелок,https://images.contentstack.io/v3/assets/blt731acb42bb3d1659/blte38dc660dfe79204/5db05fce2dc72966da74670c/RiotX_ChampionList_kaisa.jpg?quality=90&width=250,"Кай'Су еще в детстве затянуло в Бездну, и выжить она сумела благодаря исключительной стойкости и силе воли. Годы испытаний превратили ее в смертоносного охотника, однако некоторые видят в ней предвестника ужасного будущего. Чтобы остаться в живых... Подробнее"
Калиста,Стрелок,https://images.contentstack.io/v3/assets/blt731acb42bb3d1659/bltb7f0196921c74e8c/5db05fcee9d7526ab429e52c/RiotX_ChampionList_kalista.jpg?quality=90&width=250,"Калиста – это призрак гнева и воздаяния, бессмертный дух возмездия, облеченный в доспехи кошмар, вызванный с Сумрачных островов, чтобы преследовать изменников и предателей. Жертвы предательства могут взывать об отмщении бесконечно, но Калиста отвечает... Подробнее"
Камилла,Воин,https://images.contentstack.io/v3/assets/blt731acb42bb3d1659/blt413fcd7681fe0773/5db05fb089fb926b491ed805/RiotX_ChampionList_camille.jpg?quality=90&width=250,"Главный агент дома Феррос, Камилла вооружена до зубов и не привыкла ограничивать себя рамками закона. Это утонченная шпионка, благодаря которой машина Пилтовера и ее потайной механизм, Заун, работают стабильно. Камилла превосходно умеет... Подробнее"
Карма,Маг,https://images.contentstack.io/v3/assets/blt731acb42bb3d1659/blt39748c7b67252d6f/5db05fd70b39e86c2f83dc19/RiotX_ChampionList_karma.jpg?quality=90&width=250,"Ни один смертный не представляет духовные традиции Ионии лучше, чем Карма. Она являет собой древнюю душу, множество раз претерпевшую перевоплощение и сохранившую воспоминания о каждой своей жизни. Мало кто способен постичь природу ее силы – но важно то... Подробнее"
Картус,Маг,https://images.contentstack.io/v3/assets/blt731acb42bb3d1659/blt69b8fad9d1e78514/5db05fd7df78486c826dcd0c/RiotX_ChampionList_karthus.jpg?quality=90&width=250,"Картус – предвестник забвения, о кошмарном появлении которого возвещают его печальные песни. Живые трепещут перед загробной жизнью, Картус же видит только красоту и чистоту ее объятий, только безупречное единство жизни и смерти. Картус, этот апостол... Подробнее"
Кассадин,Убийца,https://images.contentstack.io/v3/assets/blt731acb42bb3d1659/blt20773f2f67e00a74/636ead3d105477785e890c1b/RiotX_ChampionList_kassadin.jpg?quality=90&width=250,"Кассадин пробирается по самым темным уголкам этого мира, оставляя за собой разрушение. Он знает, что его дни сочтены. Когда-то он был известным проводником и авантюристом, но затем отказался от приключений и стал мирно жить с семьей среди южных кочевых... Подробнее"
Кассиопея,Маг,https://images.contentstack.io/v3/assets/blt731acb42bb3d1659/blte189be8189da97ea/5db05fb1bd24496c390ae4de/RiotX_ChampionList_cassiopeia.jpg?quality=90&width=250,"Кассиопея – смертельно опасное существо, подчиняющее других своей зловещей воле. Самая молодая и прекрасная дочь благородной семьи дю Кото из Ноксуса, Кассиопея отважилась отправиться вглубь склепов Шуримы в поисках древней силы. Там ее укусила ужасная... Подробнее"
Катарина,Убийца,https://images.contentstack.io/v3/assets/blt731acb42bb3d1659/bltb73e3edb5937676a/5db05fd7823d426762825feb/RiotX_ChampionList_katarina.jpg?quality=90&width=250,"Решительная в суждениях и смертоносная в бою, Катарина – ноксианская убийца высочайшего класса. Старшая дочь легендарного генерала дю Кото славится своим умением быстро убивать ничего не подозревающих врагов. Высокие амбиции побуждают ее охотиться на... Подробнее"
Квинн,Стрелок,https://images.contentstack.io/v3/assets/blt731acb42bb3d1659/blt5cc3e3a189961d90/5db05ffbadc8656c7d24e7fc/RiotX_ChampionList_quinn.jpg?quality=90&width=250,"Квинн – элитный рыцарь-рейнджер из Демасии. Специализируется на опасных операциях глубоко в тылу врага. Она связана нерушимыми узами со своим легендарным орлом Вэлором, и зачастую противник погибает, даже не успев сообразить, что сражался не с одним, а... Подробнее"
Кейл,Воин,https://images.contentstack.io/v3/assets/blt731acb42bb3d1659/blt2c7675893b5c76bc/61b1ed442d06ff39b6c6336b/RiotX_ChampionList_kayle_v4.jpg?quality=90&width=250,"Кейл – дочь таргонской Сущности, родившаяся в разгар Рунических войн. Эта воительница пошла по стопам матери, сражаясь во имя правосудия на крыльях божественного огня. Она и ее сестра-двойняшка Моргана долгие годы были защитницами Демасии, пока Кейл не... Подробнее"
Кейтлин,Стрелок,https://images.contentstack.io/v3/assets/blt731acb42bb3d1659/blt014f4b6fc9bacd10/61b1eb901d158d4007de9685/RiotX_ChampionList_caitlyn_v2.jpg?quality=90&width=250,"Кейтлин – талантливый миротворец и главная надежда Пилтовера на избавление от неуловимых преступных элементов. Как правило, она работает в паре с Вай, уравновешивая своим хладнокровием вспыльчивый нрав напарницы. Кейтлин владеет единственной в своем... Подробнее"
Кеннен,Маг,https://images.contentstack.io/v3/assets/blt731acb42bb3d1659/bltc87932e656d1076e/5db05fd6adc8656c7d24e7dc/RiotX_ChampionList_kennen.jpg?quality=90&width=250,"Кеннен – это не только хранитель баланса Ионии; он еще и единственный йордл – член ордена Кинку. Он низкоросл и покрыт шерстью, однако это не мешает ему, заряженному бесконечным энтузиазмом, сражаться с любой угрозой в кружащем вихре сюрикенов. Вместе... Подробнее"
Киана,Убийца,https://images.contentstack.io/v3/assets/blt731acb42bb3d1659/blta6148d8dca105d6b/5db05ff1e9effa6ba5295fa7/RiotX_ChampionList_qiyana.jpg?quality=90&width=250,"В самом сердце джунглей скрыт город Ишаокан. Принцесса Киана – последняя в очереди наследования, но она пробивается к престолу Юнталь, не щадя никого на своем пути. Она уверенно избавляется от соперников благодаря своей невероятной способности управлять... Подробнее"
Киндред,Стрелок,https://images.contentstack.io/v3/assets/blt731acb42bb3d1659/bltc0f0007660b7a07b/5db05fd689fb926b491ed823/RiotX_ChampionList_kindred.jpg?quality=90&width=250,"Киндред – это воплощение смерти, разделенное надвое; два духа-близнеца, которые никогда не расстаются. Стрелы Овечки быстро избавляют от тревог тех, кто смирился с судьбой. Волк же охотится на непокорных, которые пытаются убежать от неизбежного. Он... Подробнее"
Клед,Воин,https://images.contentstack.io/v3/assets/blt731acb42bb3d1659/blt1670a0dd8fd5edca/5db05fd66e8b0c6d038c5ca8/RiotX_ChampionList_kled.jpg?quality=90&width=250,"Бесстрашный и вспыльчивый воин-йордл Клед – это воплощение безудержной бравады Ноксуса. Он заслужил любовь имперских солдат, недоверие офицеров и отвращение знати. Многие утверждают, что Клед участвовал во всех кампаниях легионов Ноксуса, ''заслужил''... Подробнее"
Ког'Мао,Стрелок,https://images.contentstack.io/v3/assets/blt731acb42bb3d1659/bltaf483c8f812369fa/5db05fde823d426762825ff1/RiotX_ChampionList_kogmaw.jpg?quality=90&width=250,"Изрыгнутый из гнилого прохода в Бездну в пустоши Икатии, Ког'Мао – любознательное, но мерзкое существо с огромной едкой пастью. Это порождение Бездны грызет и слюнявит все вещи, которые находятся в пределах его досягаемости, чтобы по-настоящему понять... Подробнее"
Корки,Стрелок,https://images.contentstack.io/v3/assets/blt731acb42bb3d1659/bltdd918c4d0a86347a/5db05fb1df78486c826dccee/RiotX_ChampionList_corki.jpg?quality=90&width=250,"Больше всего на свете йордлский пилот Корки любит две вещи: полеты и свои очаровательные усы... и не обязательно в таком порядке. Покинув Бандл Сити, он поселился в Пилтовере, влюбившись в чудесные машины, которыми славился город. Он посвятил себя... Подробнее"
Ксин Жао,Воин,https://images.contentstack.io/v3/assets/blt731acb42bb3d1659/bltca4486a1630ef517/5db0601ce9d7526ab429e54a/RiotX_ChampionList_xinzhao.jpg?quality=90&width=250,"Ксин Жао – непоколебимый воин и верный слуга правящей династии Лайтшилдов. В прошлом он был вынужден сражаться в бойцовых ямах Ноксуса и пережил бесчисленное множество гладиаторских боев. Когда войска Демасии освободили его, он присягнул на верность... Подробнее"
Ле Блан,Убийца,https://images.contentstack.io/v3/assets/blt731acb42bb3d1659/blt4aaf881bb90b509f/5db05fde6e8b0c6d038c5cae/RiotX_ChampionList_leblanc.jpg?quality=90&width=250,"Ле Блан – лишь одно из многих имен бледной женщины, которая манипулирует людьми и событиями с самого зарождения Ноксуса. Эта чародейка – загадка даже для других членов Черной Розы. С помощью магии сотворения копий Ле Блан может явиться кому угодно и где... Подробнее"
Леона,Танк,https://images.contentstack.io/v3/assets/blt731acb42bb3d1659/blt8d46ada03ea1da8c/5db05fdf347d1c6baa57be31/RiotX_ChampionList_leona.jpg?quality=90&width=250,"Леона, пронизанная пламенем солнца, в рядах священных воинов Солари стоит на защите горы Таргон со своим Клинком Зенита и Щитом Рассвета. Ее кожа мерцает звездными огнями, а в глазах пылает мощь небесной Сущности, живущей в ней. Облачившись в золотые... Подробнее"
Ли Син,Воин,https://images.contentstack.io/v3/assets/blt731acb42bb3d1659/blt075d278529811445/5db05fde6af83b6d7032c8fe/RiotX_ChampionList_leesin.jpg?quality=90&width=250,"Мастер древних ионийских боевых искусств Ли Син – принципиальный боец, готовый справиться с любой проблемой с помощью сущности драконьего духа. Несмотря на то, что этот воин-монах лишился зрения много лет назад, он посвятил жизнь защите своей родины ото... Подробнее"
Лиллия,Воин,https://ddragon.leagueoflegends.com/cdn/img/champion/splash/Lillia_0.jpg,"Сказочная лань Лиллия – это робкое дитя волшебных лесов Ионии. Она прячется от взора смертных, которые одновременно пугают и завораживают ее, и пытается понять, почему их сновидения больше не могут найти дорогу к Древу Грез. Вооружившись волшебным... Подробнее"
Лиссандра,Маг,https://images.contentstack.io/v3/assets/blt731acb42bb3d1659/blt08f869e897566c5b/5db05fdf7d28b76cfe439801/RiotX_ChampionList_lissandra.jpg?quality=90&width=250,"Лиссандра использует чистую силу льда для мрачных и жутких целей. Ее заклинания не только замораживают, но пронзают и сокрушают жертву. Живущие в постоянном страхе обитатели севера зовут колдунью Ледяной ведьмой, но это прозвище отражает лишь часть... Подробнее"
Лулу,Поддержка,https://images.contentstack.io/v3/assets/blt731acb42bb3d1659/blt424f04814efb3aca/5db05fdfe9d7526ab429e538/RiotX_ChampionList_lulu.jpg?quality=90&width=250,Волшебница-йордл Лулу известна созданием сказочных иллюзий и причудливых существ. Она путешествует по Рунтерре вместе со своим волшебным спутником Пиксом. Лулу выступает против ограничений этого приземленного осязаемого мира – она способна изменить... Подробнее
Люкс,Маг,https://images.contentstack.io/v3/assets/blt731acb42bb3d1659/bltb94b4161d8022c45/5db05fdfe9d7526ab429e53c/RiotX_ChampionList_lux.jpg?quality=90&width=250,"Люксанна Краунгард родом из Демасии – обособленного королевства, где к магическим способностям относятся со страхом и подозрением. Имея врожденную способность управлять светом, она росла в страхе перед изгнанием, и была вынуждена скрывать эти силы... Подробнее"
Люциан,Стрелок,https://images.contentstack.io/v3/assets/blt731acb42bb3d1659/blt3db0d62352b0b4f1/5db05fdf6e8b0c6d038c5cb4/RiotX_ChampionList_lucian.jpg?quality=90&width=250,"Люциан – Страж света, суровый охотник на неупокоенных призраков. Он преследует их без устали и уничтожает при помощи двух старинных пистолетов. Когда призрак Треш убил его жену, Люциан пошел тропой отмщения – и пыл его не угас даже после того, как Сенна... Подробнее"
Мальзахар,Маг,https://images.contentstack.io/v3/assets/blt731acb42bb3d1659/bltd58a3a2bf5035834/5db05fde0b39e86c2f83dc1f/RiotX_ChampionList_malzahar.jpg?quality=90&width=250,"Религиозный фанатик, одержимый идеей унификации всего живого, Мальзахар искренне верит в то, что явившаяся Бездна станет ключом к спасению Рунтерры. В пустошах Шуримы он открыл свой разум Вселенной, в ответ услышав шепот, который привел его в Икатию... Подробнее"
Мальфит,Танк,https://images.contentstack.io/v3/assets/blt731acb42bb3d1659/blt4d3b4a7e4c44ced7/5db05fdeadc8656c7d24e7e2/RiotX_ChampionList_malaphite.jpg?quality=90&width=250,"Огромное существо из живого камня, Мальфит изо всех сил пытается привнести в этот хаотичный мир благословенный порядок. Рожденный слугой-осколком для потустороннего обелиска, известного как Монолит, он использовал свою огромную стихийную силу, чтобы... Подробнее"
Маокай,Танк,https://images.contentstack.io/v3/assets/blt731acb42bb3d1659/blt757d0e8855d51e03/5db05fe72140ec675d68f4a1/RiotX_ChampionList_maokai.jpg?quality=90&width=250,"Свирепый энт-исполин Маокай борется с ужасами Сумрачных островов. Злое колдовство разрушило его дом, и с тех пор Маокай превратился в орудие возмездия. Он сумел не стать нежитью лишь благодаря живительной воде, пропитавшей его древесину. Некогда мирный... Подробнее"
Мастер Йи,Убийца,https://images.contentstack.io/v3/assets/blt731acb42bb3d1659/blt46e861d7e6c0ab0c/5db05fe8df78486c826dcd12/RiotX_ChampionList_masteryi.jpg?quality=90&width=250,"Мастер Йи так закалил свое тело и натренировал разум, что его мысли и действия слились воедино. Он прибегает к насилию лишь в крайних случаях, но когда это все-таки случается, его стремительный клинок гарантирует быстрое решение проблем. Один из... Подробнее"
Милио,Поддержка,https://images.contentstack.io/v3/assets/blt731acb42bb3d1659/bltd121d6fdcdfd3be1/641bae294bda7e23ae9281f9/RiotX_ChampionList_milio.jpg?quality=90&width=250,"Милио – добрый мальчуган из Ишталя, который, несмотря на юный возраст, овладел Аксиомой огня и открыл в ней неожиданное свойство: ласковое целебное пламя. С помощью этого таланта Милио надеется вступить в Юнталь, как когда-то сделала его бабушка, и... Подробнее"
Мисс Фортуна,Стрелок,https://images.contentstack.io/v3/assets/blt731acb42bb3d1659/bltf36fa7fd7ecb59fb/5db05fe89481396d6bdd01b8/RiotX_ChampionList_missfortune.jpg?quality=90&width=250,"Капитан из Билджвотера, известная своей красотой и безжалостностью, Сара Фортуна – это значительная фигура среди закоренелых преступников портового города. Еще ребенком она стала свидетелем того, как король разбойников Гангпланк убил ее семью, а спустя... Подробнее"
Моргана,Маг,https://images.contentstack.io/v3/assets/blt731acb42bb3d1659/bltc81eece55f126d2d/5db05fe86af83b6d7032c904/RiotX_ChampionList_morgana.jpg?quality=90&width=250,"В Моргане борются божественная и смертная сущность, и она связала свои крылья цепями, чтобы жить как человек. Свою боль и горечь она вымещает на бесчестных и подлых. Она презирает законы и традиции Демасии, которые кажутся ей несправедливыми, и борется... Подробнее"
Мордекайзер,Воин,https://images.contentstack.io/v3/assets/blt731acb42bb3d1659/blt7683195e1c4f6706/621ed30fba043c4a2c4a9f7a/RiotX_ChampionList_mordekaiser_v2.jpg?quality=90&width=250,"Дважды сраженный и трижды рожденный, Мордекайзер – жестокий военачальник минувшей эпохи, который с помощью некромантии обрекает души на вечное служение. Сейчас уже мало кто помнит его ранние завоевания или знает истинные пределы его могущества – но те... Подробнее"
Наафири,Убийца,https://images.contentstack.io/v3/assets/blt731acb42bb3d1659/blt08b4cd0a1ca05cd3/64b8cd3bff3e9b769c4d7646/RiotX_ChampionList_naafiri.jpg?quality=90&width=250,"Среди барханов Шуримы разносится многоголосый вой. Это песчаные гончие – алчные хищники, которые сбиваются в стаи и соревнуются за право охотиться на этой выжженной солнцем земле. Среди них выделяется одна стая, которая повинуется не собачьим инстинктам... Подробнее"
Нами,Поддержка,https://images.contentstack.io/v3/assets/blt731acb42bb3d1659/blt13bec39f49dc35ee/5db05fe956458c6b3fc1751f/RiotX_ChampionList_nami.jpg?quality=90&width=250,"Нами – юная и упрямая морская вастайи. Когда было нарушено древнее соглашение с таргонцами, она стала первой из племени мараи, кто покинул волны и вышел на сушу. У нее не было другого выбора, кроме как завершить священный ритуал, который должен был... Подробнее"
Насус,Воин,https://images.contentstack.io/v3/assets/blt731acb42bb3d1659/blt20a4b154b1756b56/5db05fe7a6470d6ab91ce5a0/RiotX_ChampionList_nasus.jpg?quality=90&width=250,"Насус – существо с головой шакала родом из древней Шуримы. Жителями пустыни он почитался как полубог. Насус был одним из вознесшихся, он обладал острейшим умом, был хранителем знаний и несравненным стратегом, мудрость которого на протяжении многих веков... Подробнее"
Наутилус,Танк,https://images.contentstack.io/v3/assets/blt731acb42bb3d1659/bltf945a57aa16cea57/5db05fe7347d1c6baa57be37/RiotX_ChampionList_nautilus.jpg?quality=90&width=250,"Ровесник первых древних пристаней Билджвотера, закованный в броню гигант Наутилус скитается по морскому дну близ островов Синего Пламени. Не сумев отомстить тому, кто его предал, Наутилус теперь орудует громадным якорем, спасая несчастных и без... Подробнее"
Нидали,Убийца,https://images.contentstack.io/v3/assets/blt731acb42bb3d1659/blt5a2da06d413f7c15/5db05ff1df78486c826dcd18/RiotX_ChampionList_nidalee.jpg?quality=90&width=250,"Выросшая в диких джунглях, Нидали – умелая охотница, которая способна по желанию превращаться в свирепую пуму. Отчасти женщина, отчасти зверь, она яростно защищает свою территорию от любых незваных гостей с помощью грамотно расставленных ловушек и... Подробнее"
Нико,Маг,https://images.contentstack.io/v3/assets/blt731acb42bb3d1659/blta62eaac6ad26a4f5/5db05fe7adc8656c7d24e7ea/RiotX_ChampionList_neeko.jpg?quality=90&width=250,"Нико родом из забытого племени вастайи. Она мастерски маскируется и может слиться с любой толпой, приняв чужой облик, а по эмоциям незнакомца мгновенно понять, друг перед ней или враг. Никогда не знаешь, где – или кто – сейчас Нико, но тем, кто вздумает... Подробнее"
Нила,Воин,https://images.contentstack.io/v3/assets/blt731acb42bb3d1659/bltc92991f7da20f09e/62cf498d8196b233b76a6ca8/RiotX_ChampionList_nilah.jpg?quality=90&width=250,"Нила – воин-аскет из далеких земель. Она ищет по всему миру самых огромных и грозных противников, чтобы бросить им вызов и сразить. Силу она получила от пребывающего в вековом заточении демона радости, но при этом утратила все собственные чувства –... Подробнее"
Ноктюрн,Убийца,https://images.contentstack.io/v3/assets/blt731acb42bb3d1659/bltfc73e3c7dda28d31/5db05ff2adc8656c7d24e7f0/RiotX_ChampionList_nocturne.jpg?quality=90&width=250,"Первобытная мощь чистого зла, известная как Ноктюрн, – демоническое воплощение ночных кошмаров, которые являются всем разумным живым существам. Это струящаяся, хаотичная в самой своей сущности, безликая тень с холодными глазами, вооруженная устрашающими... Подробнее"
Нуну и Виллумп,Танк,https://images.contentstack.io/v3/assets/blt731acb42bb3d1659/bltf613746635c6d3c8/5db05ff256458c6b3fc17527/RiotX_ChampionList_nunu.jpg?quality=90&width=250,"Жил-был мальчик, который мечтал победить ужасное чудовище, чтобы стать героем. Но когда он наконец встретил монстра, оказалось, что этот волшебный йети просто одинок и хочет найти друга. Нуну и Виллумп обожали играть в снежки и быстро нашли общий язык... Подробнее"
Олаф,Воин,https://images.contentstack.io/v3/assets/blt731acb42bb3d1659/blte922bda45062964b/5db05ff0a6470d6ab91ce5a6/RiotX_ChampionList_olaf.jpg?quality=90&width=250,"Неудержимый разрушитель, вооруженный топорами Олаф хочет лишь одного – умереть в славном бою. Однажды он получил пророчество, которое сулило ему мирную смерть. Среди жителей Локфара – сурового фрельйордского полуострова, откуда он был родом, – такая... Подробнее"
Орианна,Маг,https://images.contentstack.io/v3/assets/blt731acb42bb3d1659/blt3318fc0e8103706d/5db05ff02140ec675d68f4a7/RiotX_ChampionList_orianna.jpg?quality=90&width=250,"Когда-то Орианна была любопытной девушкой из плоти и крови, теперь же она – технологическое чудо, оживший часовой механизм. После несчастного случая в нижних районах Зауна Орианна оказалась на пороге смерти, и части ее тела пришлось заменить... Подробнее"
Орн,Танк,https://images.contentstack.io/v3/assets/blt731acb42bb3d1659/blt639bacdfe8b1fd95/5db05ff1bd24496c390ae4f0/RiotX_ChampionList_ornn.jpg?quality=90&width=250,"Орн – фрельйордский дух кузнечного дела и ремесла. В полном одиночестве он работает в огромной кузнице, выдолбленной в застывшей лаве прямо под вулканом Дом-очаг. Там он и наполняет плавильные котлы магмой, чтобы очищать руду и создавать предметы... Подробнее"
Пайк,Поддержка,https://images.contentstack.io/v3/assets/blt731acb42bb3d1659/blt98269cb73e9fce70/5db05ff1347d1c6baa57be3d/RiotX_ChampionList_pyke.jpg?quality=90&width=250,"Знаменитый гарпунер из Кровавых доков Билджвотера, Пайк должен был встретить свою смерть в брюхе огромного челюстозуба... но на этом его история не закончилась. Теперь он бродит по промозглым переулкам бывшего родного города, используя свои... Подробнее"
Пантеон,Воин,https://images.contentstack.io/v3/assets/blt731acb42bb3d1659/blt3f84c538bd36ef02/5db05ff17d28b76cfe43980d/RiotX_ChampionList_pantheon.jpg?quality=90&width=250,"Когда-то Атрей был невольным вместилищем Сущности Войны. Он пережил гибель этой божественной силы, выстояв после удара, сбросившего звезды с небес. Со временем он осознал и принял силу собственной смертности и упрямую стойкость, которая ей сопутствует... Подробнее"
Поппи,Танк,https://images.contentstack.io/v3/assets/blt731acb42bb3d1659/blt0df0f7bcaf851737/5db05ff1242f426df132f973/RiotX_ChampionList_poppy.jpg?quality=90&width=250,"В мире Рунтерры множество отважных чемпионов, но мало кто отличается таким же упорством, как Поппи. Вот уже многие годы непреклонный йордл странствует с легендарным молотом Орлона, который вдвое больше ее роста. Она полна решимости найти легендарного... Подробнее"
Райз,Маг,https://images.contentstack.io/v3/assets/blt731acb42bb3d1659/blt8af977ce4fa7804b/5db05ffa2dc72966da746714/RiotX_ChampionList_ryze.jpg?quality=90&width=250,Райз считается одним из самых сильных магов Рунтерры. Он стар и упрям – и несет на своих плечах невыносимо тяжкое бремя. В распоряжении Райза – огромное количество магической энергии и крепкие мускулы. Маг безустанно занят поиском Мировых рун –... Подробнее
Рамбл,Воин,https://images.contentstack.io/v3/assets/blt731acb42bb3d1659/bltd7c76610fa29d8d6/5db05ffa7d28b76cfe439813/RiotX_ChampionList_rumble.jpg?quality=90&width=250,Рамбл – юный изобретатель со взрывным характером. Из обычной груды металлолома упорный йордл собственноручно соорудил огромный механический костюм с целым арсеналом электрических гарпунов и зажигательных ракет. И пусть другие сколько угодно насмехаются... Подробнее
Раммус,Танк,https://images.contentstack.io/v3/assets/blt731acb42bb3d1659/blt50cccb68a58349f5/5db05ffbdc674266df3d5d48/RiotX_ChampionList_rammus.jpg?quality=90&width=250,"Многие его боготворят, некоторые – не воспринимают всерьез, но для всех он остается тайной. Раммус – удивительное и загадочное существо с шипастым панцирем. Многие гадают о его происхождении: то ли он полубог, то ли священный оракул, то ли просто... Подробнее"
Рек'Сай,Воин,https://images.contentstack.io/v3/assets/blt731acb42bb3d1659/blt4affff3ef114e99b/5db05ffb347d1c6baa57be43/RiotX_ChampionList_reksai.jpg?quality=90&width=250,"Непревзойденная хищница Рек'Сай – безжалостное порождение Бездны, которое роет подземные туннели, подстерегая ничего не подозревающую добычу, а затем набрасываясь на нее. Ее ненасытный голод опустошал целые регионы некогда великой империи Шуримы –... Подробнее"
Релл,Танк,https://images.contentstack.io/v3/assets/blt731acb42bb3d1659/blt0091d81986fe44c7/5fd43df38593bc52457eecc4/RiotX_ChampionList_Rell_v2.jpg?quality=90&width=250,"Релл – результат бесчеловечных экспериментов Черной Розы, живое оружие, стремящееся уничтожить Ноксус. Ее несчастливое детство было полно ужасов, ей пришлось пройти чудовищные испытания, чтобы довести до совершенства умение управлять металлом, но в... Подробнее"
Рената Гласк,Поддержка,https://images.contentstack.io/v3/assets/blt731acb42bb3d1659/blt09687008531f76e9/6216d608cc32e65f84073dbe/RiotX_ChampionList_renata_glasc_v5.jpg?quality=90&width=250,"Рената Гласк потеряла в пожаре дом и родителей. Остались лишь их медицинские исследования и доброе имя. За несколько десятков лет Рената сумела стать богатейшей химбаронессой Зауна, настоящим магнатом, чье богатство строится на умении превращать... Подробнее"
Ренгар,Убийца,https://images.contentstack.io/v3/assets/blt731acb42bb3d1659/blt282bc8e033db4123/5db05ff9adc8656c7d24e7f6/RiotX_ChampionList_rengar.jpg?quality=90&width=250,"Ренгар – самый свирепый из всех вастайи. Охотник за головами, он живет ради трепета погони и ярости битвы. Львиноголовый рыскает по миру в поисках самых жутких чудовищ, не забывая о главной цели – Ка'Зиксе, монстре из Бездны, который лишил его глаза... Подробнее"
Ренектон,Воин,https://images.contentstack.io/v3/assets/blt731acb42bb3d1659/blt6b5bb4d917759184/5db05ffb242f426df132f979/RiotX_ChampionList_renekton.jpg?quality=90&width=250,"Ренектон – ужасное вознесшееся существо из опаленной пустыни Шурима, движимое яростью. Некогда он был самым почитаемым воином империи и вел ее армии к многочисленным победам. Но когда империя пала, Ренектона погребли пески; и пока мир наверху менялся... Подробнее"
Ривен,Воин,https://images.contentstack.io/v3/assets/blt731acb42bb3d1659/blt3925b81c7462e26e/5db05ffadc674266df3d5d42/RiotX_ChampionList_riven.jpg?quality=90&width=250,"Когда-то Ривен была мастером меча в Ноксусе, но теперь она – изгнанница, вынужденная скрываться на земле, которую прежде пыталась завоевать. Она быстро поднялась по карьерной лестнице благодаря своим убеждениям и сноровке, в конце концов получив в... Подробнее"
Рэйкан,Поддержка,https://images.contentstack.io/v3/assets/blt731acb42bb3d1659/bltbe844b30961ccb7c/5db05ffb2140ec675d68f4ad/RiotX_ChampionList_rakan.jpg?quality=90&width=250,"Этот вастайи – обаятельный, самовлюбленный, вечно создающий проблемы, величайший боевой танцор племени Лотлэн. Словом, Рэйкан. Безумные праздники, дикие попойки и еще более дикая музыка – ионийские горцы его хорошо знают. Вот что они знают плохо, так... Подробнее"
Сайлас,Маг,https://images.contentstack.io/v3/assets/blt731acb42bb3d1659/bltf8ea29aa48fc5e35/5db0600cadc8656c7d24e808/RiotX_ChampionList_sylas.jpg?quality=90&width=250,"Сайлас из Дрегборна вырос в неблагополучной части Демасии. Его судьба – наглядный пример того, что в этом королевстве далеко не всем живется хорошо. Когда он был еще мальчишкой, его умение видеть скрытые чары привлекло внимание грозных охотников на... Подробнее"
Самира,Стрелок,https://ddragon.leagueoflegends.com/cdn/img/champion/splash/Samira_0.jpg,"Самира смотрит в лицо смерти с непоколебимой уверенностью и всегда ищет самые рискованные предприятия. В детстве бежав из разрушенной войной Шуримы, Самира нашла свое призвание в Ноксусе. Теперь эта стильная и бесшабашная наемница берется за самые... Подробнее"
Свейн,Маг,https://images.contentstack.io/v3/assets/blt731acb42bb3d1659/blt1a64e469280b8b9f/5db060030b39e86c2f83dc25/RiotX_ChampionList_swain.jpg?quality=90&width=250,"Джерико Свейн – дальновидный правитель Ноксуса, нации, которая стремится к завоеваниям и уважает только силу. В войне с Ионией он был разбит и искалечен, но все же сумел решительно и безжалостно захватить власть над империей. В этом ему помогла... Подробнее"
Седжуани,Танк,https://images.contentstack.io/v3/assets/blt731acb42bb3d1659/blte4d521b893aa5a3e/5db05ffae9d7526ab429e544/RiotX_ChampionList_sejuani.jpg?quality=90&width=250,"Жестокая и неумолимая Седжуани – Хладорожденная ратная мать Когтя Зимы, одного из самых грозных племен Фрельйорда. Ее люди вынуждены выживать в постоянной отчаянной битве против стихий. Чтобы уцелеть в суровые зимы, им приходится устраивать набеги на... Подробнее"
Сенна,Стрелок,https://images.contentstack.io/v3/assets/blt731acb42bb3d1659/blt24f4735ebde3c22b/5db08d642dc72966da74686e/RiotX_ChampionList_senna.jpg?quality=90&width=250,"С детства обреченная спасаться от преследующего ее черного тумана, Сенна вступила в орден Стражей света. Она яростно сражалась со своим проклятием, но погибла, а ее душу поймал в свой фонарь жестокий призрак Треш. Однако Сенна не утратила надежды и... Подробнее"
Серафина,Маг,https://ddragon.leagueoflegends.com/cdn/img/champion/splash/Seraphine_0.jpg,"Серафина родилась в Пилтовере в семье выходцев из Зауна. Она слышит чужие сердца. Мир поет для нее, и она отвечает ему своей песней. В детстве диссонанс звуков казался ей нестерпимым, но сейчас она черпает из этой разноголосицы вдохновение и обращает ее... Подробнее"
Сетт,Воин,https://ddragon.leagueoflegends.com/cdn/img/champion/splash/Sett_0.jpg,"Сетт – один из боссов растущего преступного мира Ионии, построивший свою криминальную империю после войны с Ноксусом. Он начинал на арене в Навори как простой боец, но быстро прославился благодаря звериной силе и способности долго терпеть боль... Подробнее"
Сивир,Стрелок,https://images.contentstack.io/v3/assets/blt731acb42bb3d1659/bltbe8ea8bfd98ec1f3/64e68c98ffe8ee4e4c3e7707/RiotX_ChampionList_sivir_v2.jpg?quality=90&width=250,"Сивир, знаменитая охотница за удачей, возглавляет отряд наемников, что промышляет в песках Шуримы. Вооружившись своим легендарным крестовидным клинком, она успешно сражается на стороне тех, у кого хватает денег оплатить ее баснословно дорогие услуги... Подробнее"
Синджед,Танк,https://images.contentstack.io/v3/assets/blt731acb42bb3d1659/blt766d98c27adfde28/5db06004347d1c6baa57be4f/RiotX_ChampionList_singed.jpg?quality=90&width=250,"Синджед – заунский алхимик с непревзойденным интеллектом, который посвятил свою жизнь науке и поиску новых знаний. За это он готов отдать любую цену, даже собственный рассудок. Есть ли логика в его безумных поступках? Отвары Синджеда почти всегда... Подробнее"
Синдра,Маг,https://images.contentstack.io/v3/assets/blt731acb42bb3d1659/bltd9308eedab3a6fa5/5db0600c3a326d6df6c0e7bf/RiotX_ChampionList_syndra.jpg?quality=90&width=250,"Синдра – наделенная страшной силой колдунья из Ионии. В детстве ее дикая магия напугала старейшин поселения, и девочку отправили учиться самоконтролю. Выяснилось, однако, что наставник лишь ограничивал ее возможности. Придав своей боли и гневу форму... Подробнее"
Сион,Танк,https://images.contentstack.io/v3/assets/blt731acb42bb3d1659/blt7f28f1d689e4ad3d/5db06004adc8656c7d24e802/RiotX_ChampionList_sion.jpg?quality=90&width=250,"Сиона почитали в Ноксусе за то, что он голыми руками убил демасийского короля. Но даже после смерти этому герою войны из далекого прошлого не дали погрузиться в забвение – он был воскрешен, чтобы и дальше служить своей империи. Он не глядя убивал... Подробнее"
Скарнер,Воин,https://images.contentstack.io/v3/assets/blt731acb42bb3d1659/blt842a8149ba8b7a3d/5db06003bd24496c390ae4f6/RiotX_ChampionList_skarner.jpg?quality=90&width=250,"Скарнер – громадный кристаллический скорпион, родом из затерянной долины в Шуриме. Древняя раса бракернов, к которой принадлежит Скарнер и его родня, славится великой мудростью и глубинной связью с землей. Их дух слит воедино с могущественными... Подробнее"
Сона,Поддержка,https://images.contentstack.io/v3/assets/blt731acb42bb3d1659/blt4810827f74fc21b9/5db06003347d1c6baa57be49/RiotX_ChampionList_sona.jpg?quality=90&width=250,"Сона – самый выдающийся виртуоз в Демасии. Она общается только с помощью сладкозвучных аккордов и впечатляющих арий своей струнной этвали. Благодаря элегантной манере исполнения Сона снискала любовь знати, но некоторые считают, что ее волшебная музыка и... Подробнее"
Сорака,Поддержка,https://images.contentstack.io/v3/assets/blt731acb42bb3d1659/blt2141839fdc483592/5db06003e9effa6ba5295fad/RiotX_ChampionList_soraka.jpg?quality=90&width=250,"Сорака – странница из небесных миров, лежащих за пределами горы Таргон. Она пожертвовала своим бессмертием, чтобы оградить смертные расы от их же собственной жестокости. Она старается проявить сострадание и милосердие к каждому, кого встречает, исцеляя... Подробнее"
Таам Кенч,Поддержка,https://images.contentstack.io/v3/assets/blt731acb42bb3d1659/blt87be9cf38f3bc986/5db0600c56458c6b3fc17533/RiotX_ChampionList_tahmkench.jpg?quality=90&width=250,"Демон Таам Кенч носил множество имен в разные эпохи. Он путешествует по водоемам Рунтерры, утоляя свой ненасытный голод чужими страданиями. На первый взгляд он может показаться величавым и даже обаятельным, но на самом деле рыщет по миру смертных в... Подробнее"
Талия,Маг,https://images.contentstack.io/v3/assets/blt731acb42bb3d1659/blt35c3537198ee86b9/5db05fc52140ec675d68f49b/RiotX_ChampionList_ialiyah.jpg?quality=90&width=250,"Талия – странствующий маг из Шуримы, который разрывается между любопытством и чувством ответственности. Она пересекла почти весь Валоран в поисках знаний об истинной природе своего растущего могущества, но затем ей пришлось вернуться на родину, чтобы... Подробнее"
Талон,Убийца,https://images.contentstack.io/v3/assets/blt731acb42bb3d1659/blt20a737f99ebcd027/5db0600c89fb926b491ed829/RiotX_ChampionList_talon.jpg?quality=90&width=250,"Талон – это клинок во тьме, безжалостный убийца, который бьет без предупреждения и способен скрыться до того, как поднимется тревога. Он заработал себе опасную репутацию на жестоких улицах Ноксуса, где ему приходилось сражаться, убивать и воровать... Подробнее"
Тарик,Поддержка,https://images.contentstack.io/v3/assets/blt731acb42bb3d1659/blt6b2d37773c3621e1/5db0600d347d1c6baa57be55/RiotX_ChampionList_taric.jpg?quality=90&width=250,"Тарик – Сущность Заступника, могучий поборник жизни, любви и красоты на Рунтерре. Однажды Тарик пренебрег долгом, за что был предан позору и изгнан из родной Демасии. Он совершил восхождение на гору Таргон, чтобы обрести там искупление, однако, дойдя до... Подробнее"
Твистед Фэйт,Маг,https://images.contentstack.io/v3/assets/blt731acb42bb3d1659/bltaebcdb8b21d440a7/5db0600ce9effa6ba5295fb3/RiotX_ChampionList_twistedfate.jpg?quality=90&width=250,"Твистед Фэйт – настоящий шулер и аферист, покоривший полсвета своими авантюрами и сыскавший недобрую славу среди богатых дурней. Этот плут ничего не воспринимает всерьез и ведет себя как павлин. Довольная ухмылка не слезает с его лица, а в рукаве всегда... Подробнее"
Твич,Стрелок,https://images.contentstack.io/v3/assets/blt731acb42bb3d1659/blt674dca7d5611ebb0/5db060159481396d6bdd01be/RiotX_ChampionList_twitch.jpg?quality=90&width=250,"Твич – обычная чумная крыса из Зауна, но в душе он – тонкий ценитель отбросов, который не боится замарать лапы. Направляя свой заряженный химикатами арбалет в позолоченное сердце Пилтовера, он поклялся показать тем, кто живет в городе наверху, насколько... Подробнее"
Тимо,Стрелок,https://images.contentstack.io/v3/assets/blt731acb42bb3d1659/blt30ddbbdc0549078a/5db0600da6470d6ab91ce5b8/RiotX_ChampionList_teemo.jpg?quality=90&width=250,"Тимо путешествует по миру, заряженный бесконечным энтузиазмом и бодростью, и его не пугают даже самые опасные и грозные преграды. Йордл, наделенный небывалой высоконравственностью, неукоснительно следует Кодексу скаутов Бандла – порой с таким рвением... Подробнее"
Трандл,Воин,https://images.contentstack.io/v3/assets/blt731acb42bb3d1659/blt05eb0518bbe963c0/5db0600ba6470d6ab91ce5b2/RiotX_ChampionList_trundle.jpg?quality=90&width=250,"Трандл – неуклюжий, но коварный тролль с дурным характером, и даже сам Фрельйорд не может выстоять против его ударов. Он яростно охраняет свои владения и преследует любого, кому хватает глупости нарушить их границы. Его огромная дубина из Истинного льда... Подробнее"
Треш,Поддержка,https://images.contentstack.io/v3/assets/blt731acb42bb3d1659/blt46555de3bfa94d44/5db0600b2140ec675d68f4b5/RiotX_ChampionList_thresh.jpg?quality=90&width=250,"Жестокий, коварный и честолюбивый Треш – неугомонный призрак Сумрачных островов. Когда-то он был хранителем множества колдовских секретов, но нечто за гранью жизни и смерти изменило его навечно. Теперь он кормится чужими страданиями, изощренно пытая и... Подробнее"
Триндамир,Воин,https://images.contentstack.io/v3/assets/blt731acb42bb3d1659/blt3b217144ed3a7faa/5db08d643a326d6df6c0e907/RiotX_ChampionList_tryndamere.jpg?quality=90&width=250,"Необузданный гнев и ярость подпитывают силы Триндамира. Когда-то он прошел через весь Фрельйорд, бросая вызов величайшим воинам севера, чтобы подготовить себя к грядущим темным дням. Долгое время этот разъяренный варвар жаждал отомстить за истребление... Подробнее"
Тристана,Стрелок,https://images.contentstack.io/v3/assets/blt731acb42bb3d1659/bltfbbc3205edf5207a/5db0600bdc674266df3d5d50/RiotX_ChampionList_tristana.jpg?quality=90&width=250,"Многие йордлы направляют свою энергию на открытия, изобретения или обычное озорство, но Тристану всегда вдохновляли свершения великих воинов. Она много слышала о Рунтерре, ее народах и войнах и считает, что ее собственная раса тоже достойна быть... Подробнее"
Удир,Воин,https://images.contentstack.io/v3/assets/blt731acb42bb3d1659/blt8350eda62a9ed56c/63350924f709a318104f9bbb/RiotX_ChampionList_udyr_v2.jpg?quality=90&width=250,"Удир – самый могущественный странник духов из ныне живущих. Он поддерживает связь со всеми духами Фрельйорда, прислушиваясь к их нуждам и используя их мистическую энергию в своем первобытном боевом стиле. Удир ищет внутреннее равновесие, чтобы не дать... Подробнее"
Ургот,Воин,https://images.contentstack.io/v3/assets/blt731acb42bb3d1659/blt162b78ba3ece1d4f/5db060157d28b76cfe43981b/RiotX_ChampionList_urgot.jpg?quality=90&width=250,Когда-то Ургот был Верховным Палачом Ноксуса и пользовался огромной властью. Но затем последовали предательство и опала: Ургота заковали в кандалы и отправили на каторгу в глубочайший заунский рудник – Яму. Там Ургот постиг истинную природу силы. И... Подробнее
Фиддлстикс,Маг,https://images.contentstack.io/v3/assets/blt731acb42bb3d1659/blt1151ac1242311053/61b1ea65aeb5451282be2468/RiotX_ChampionList_fiddlesticks_v2.jpg?quality=90&width=250,"В Рунтерре что-то пробудилось. Нечто древнее. Нечто ужасное. Неподвластный времени ужас, который называют Фиддлстиксом, охотится вдали от больших городов. Он идет туда, где господствуют страхи, и кормится перепуганными жертвами. Зазубренной косой он... Подробнее"
Физз,Убийца,https://images.contentstack.io/v3/assets/blt731acb42bb3d1659/blt6000fa69e03c25c0/5db05fbc56458c6b3fc17513/RiotX_ChampionList_fizz.jpg?quality=90&width=250,"Физз – йордл-амфибия, обитающий среди рифов, что окружают Билджвотер. Он часто вылавливает и возвращает подношения, брошенные в море суеверными капитанами. Однако даже бывалые моряки знают, что гневить его не стоит – существует множество рассказов о тех... Подробнее"
Фиора,Воин,https://images.contentstack.io/v3/assets/blt731acb42bb3d1659/blt935dd149b2617ac8/5db05fbcdc674266df3d5d36/RiotX_ChampionList_fiora.jpg?quality=90&width=250,"Одна из самых опасных дуэлянтов во всем Валоране, Фиора известна благодаря резким манерам и острому уму, а также - скорости, с которой способен двигаться ее клинок из голубой стали. Она родилась в демасийском аристократическом семействе Лоранов и... Подробнее"
Хвэй,Маг,https://images.contentstack.io/v3/assets/blt731acb42bb3d1659/bltc7b700627f2bb3c0/65691deb7c56dd1bd9a61c97/RiotX_ChampionList_hwei_v2.jpg?quality=90&width=250,"Хвэй – задумчивый художник из Ионии, который создает шедевры, сражаясь с преступниками и помогая их жертвам пережить беду. За его меланхолической внешностью скрывается чувствительный, терзаемый противоречиями разум. Хвэя одолевают яркие видения... Подробнее"
Хеймердингер,Маг,https://images.contentstack.io/v3/assets/blt731acb42bb3d1659/bltd30d85446d154070/5db05fc57d28b76cfe4397ef/RiotX_ChampionList_heimerdinger.jpg?quality=90&width=250,"Гениальный и эксцентричный ученый-йордл, профессор Сесил Б. Хеймердингер считается одним из лучших изобретателей и рационализаторов за всю историю Пилтовера. Одержимый своей работой, он славится тем, что умеет проникать в суть даже самых непостижимых... Подробнее"
Чо'Гат,Танк,https://images.contentstack.io/v3/assets/blt731acb42bb3d1659/blt4dfb71de3ddc8166/5db05fb13a326d6df6c0e7ad/RiotX_ChampionList_chogath.jpg?quality=90&width=250,"С тех пор как Чо'Гат впервые попал под палящее солнце Рунтерры, этого зверя терзает исконная и неутолимая жажда голода. Совершенное воплощение желания Бездны поглощать все живое, Чо'Гат обладает сложным строением, благодаря которому все съеденное им... Подробнее"
Шако,Убийца,https://images.contentstack.io/v3/assets/blt731acb42bb3d1659/bltc8b1d1ba926d01cc/5db060036e8b0c6d038c5cba/RiotX_ChampionList_shaco.jpg?quality=90&width=250,"Зачарованная марионетка Шако была создана, чтобы служить игрушкой для одинокого принца, но теперь наслаждается убийствами и хаосом. Потерявший любимого хозяина и оскверненный темной магией, этот некогда добрый клоун упивается страданиями несчастных душ... Подробнее"
Шая,Стрелок,https://images.contentstack.io/v3/assets/blt731acb42bb3d1659/blt0d029ccdb18a4299/5db0601ba6470d6ab91ce5be/RiotX_ChampionList_xayah.jpg?quality=90&width=250,"Смертоносная и не знающая промаха, Шая – вастайи-бунтарка, которая в одиночку вступила в священную войну во имя спасения своего народа. Любого, кто встанет у нее на пути, Шая порежет на ленточки, ведь на ее стороне хитрость, быстрота, а еще острые, как... Подробнее"
Шен,Танк,https://images.contentstack.io/v3/assets/blt731acb42bb3d1659/bltd142d174831b78e9/5db06004242f426df132f97f/RiotX_ChampionList_shen.jpg?quality=90&width=250,"Шен – это Око сумрака, лидер тайной организации ионийских воинов, известной как Кинку. Он ограждает себя от сбивающих с толку эмоций, предрассудков и эго, следуя скрытой тропой беспристрастного суждения между царством духов и физическим миром. Шен... Подробнее"
Шивана,Воин,https://images.contentstack.io/v3/assets/blt731acb42bb3d1659/bltdb320ec49e0e02a7/5db0600456458c6b3fc1752d/RiotX_ChampionList_shyvana.jpg?quality=90&width=250,"В сердце Шиваны пылает осколок огненной руны, наполняя ее тело магической энергией. Чаще всего она предстает в человеческом облике, но может принять и свою истинную форму, превратившись в грозного дракона, чье дыхание испепеляет врагов. Когда-то Шивана... Подробнее"
Эвелинн,Убийца,https://images.contentstack.io/v3/assets/blt731acb42bb3d1659/blte24b4c6ec1beebb9/5db05fbddf78486c826dccf4/RiotX_ChampionList_evelynn.jpg?quality=90&width=250,"В самых темных уголках Рунтерры демонесса Эвелинн выслеживает новую жертву. Приняв облик соблазнительной красотки, она приманивает неосторожных людишек, но стоит несчастному поддаться ее чарам, как она раскрывает свою истинную сущность. Демонесса... Подробнее"
Эзреаль,Стрелок,https://images.contentstack.io/v3/assets/blt731acb42bb3d1659/blt60f687c95425f73f/5db05fbd2dc72966da746704/RiotX_ChampionList_ezreal.jpg?quality=90&width=250,"Эзреаль – храбрый искатель приключений, внезапно обнаруживший у себя магический дар. Он находит сокровища в давно забытых подземельях, снимает древние проклятья и с легкостью выпутывается из совершенно невозможных передряг. Смелости и бравады ему не... Подробнее"
Экко,Убийца,https://images.contentstack.io/v3/assets/blt731acb42bb3d1659/bltf22ba7e6328e4376/5db05fbd242f426df132f963/RiotX_ChampionList_ekko.jpg?quality=90&width=250,"Экко – юный гений, выросший на суровых улицах Зауна, который манипулирует временем, чтобы обернуть любую ситуацию в свою пользу. С помощью изобретенного им Z-привода он исследует множественные ответвления реальности, чтобы создать идеальный момент. Хотя... Подробнее"
Элиза,Маг,https://images.contentstack.io/v3/assets/blt731acb42bb3d1659/bltfe21ff2ddb84d5d1/5db05fbd0b39e86c2f83dc05/RiotX_ChampionList_elise.jpg?quality=90&width=250,"Элиза – смертоносная хищница, обитающая в темном дворце с зашторенными окнами в самом сердце старейшего города Ноксуса. Некогда она была смертной женщиной, заправлявшей делами могущественного семейства, но укус ужасного полубога превратил ее в... Подробнее"
Энни,Маг,https://images.contentstack.io/v3/assets/blt731acb42bb3d1659/blt28c708665427aef6/5db05fa89481396d6bdd01a6/RiotX_ChampionList_annie.jpg?quality=90&width=250,"Опасная, но обезоруживающе невинная Энни – юная волшебница с невероятными способностями к пиромантии. Даже в тени гор к северу от Ноксуса магия такой силы встречается редко. Ее огненный дар начал проявляться с самых ранних лет в виде непредсказуемых... Подробнее"
Эш,Стрелок,https://images.contentstack.io/v3/assets/blt731acb42bb3d1659/blt943aae038e2dee98/5db05fa8e9effa6ba5295f91/RiotX_ChampionList_ashe.jpg?quality=90&width=250,"Хладорожденная ратная мать из племени аваросан, Эш командует наиболее многочисленным войском на севере, хотя до сих пор так и не свыклась с ролью лидера. Она отличается выносливостью, умом и приверженностью высоким идеалам. Чтобы завладеть луком из... Подробнее"
Юми,Поддержка,https://images.contentstack.io/v3/assets/blt731acb42bb3d1659/blta312e7cca0e594d1/5db0601d2140ec675d68f4c1/RiotX_ChampionList_yuumi.jpg?quality=90&width=250,"Юми – волшебная кошка из Бандл Сити, фамильяр йордла-чародейки по имени Норра. Когда та таинственно исчезла, Юми стала хранительницей разумной Книги Пределов. Она путешествует сквозь страницы-порталы, пытаясь разыскать Норру. Без хозяйки Юми бывает... Подробнее"
Ясуо,Воин,https://images.contentstack.io/v3/assets/blt731acb42bb3d1659/blt3a319fc884dc6880/5db0601c242f426df132f985/RiotX_ChampionList_yasuo.jpg?quality=90&width=250,"Ясуо, ловкий и решительный мечник из Ионии, использует против своих врагов силу ветра. Когда Ясуо был горделивым юнцом, его обвинили в убийстве собственного наставника. Он не смог доказать свою невиновность и был вынужден убить родного брата из... Подробнее"
